sigla_uf,regiao,n,taxa_media,prop_na_meta
RS,Sul,421,53.103,0.095
BA,Nordeste,394,36.626,0.19
AM,Norte,48,46.14,0.271
PA,Norte,136,49.284,0.338
RJ,Sudeste,90,58.282,0.4
AP,Norte,16,49.449,0.438
PR,Sul,395,74.2,0.468
RN,Nordeste,139,42.785,0.482
SE,Nordeste,75,36.447,0.493
PB,Nordeste,220,59.367,0.514
SP,Sudeste,621,64.074,0.517
RO,Norte,52,67.182,0.519
MA,Nordeste,216,63.35,0.519
AL,Nordeste,102,52.634,0.549
SC,Sul,238,69.368,0.555
TO,Norte,137,46.276,0.562
PI,Nordeste,224,65.994,0.585
PE,Nordeste,184,65.583,0.609
MT,Centro-Oeste,139,66.111,0.64
MS,Centro-Oeste,79,59.032,0.658
ES,Sudeste,78,78.19,0.756
MG,Sudeste,801,75.067,0.795
GO,Centro-Oeste,243,80.192,0.807
CE,Nordeste,184,90.31,0.913
