id_municipio,sigla_uf,regiao,taxa_alfabetizacao,nao_atingiu_meta,proba_nao_atingiu
4309209,RS,Sul,41.0,1,0.9815636812730473
4323002,RS,Sul,38.9,1,0.9803945799837267
4322608,RS,Sul,59.2,1,0.9785471109755928
4308201,RS,Sul,59.6,1,0.9782346344121301
4302105,RS,Sul,50.8,1,0.9774472705202983
4317608,RS,Sul,61.7,1,0.9765380439542786
4322509,RS,Sul,38.1,1,0.9764126255307879
4320404,RS,Sul,50.7,1,0.9762964675120147
4304507,RS,Sul,51.7,1,0.9761018937859922
4310108,RS,Sul,49.6,1,0.9759701501850659
4304408,RS,Sul,42.2,1,0.975953696129213
4307906,RS,Sul,56.7,1,0.9756710407429485
4318804,RS,Sul,58.7,1,0.975643056560479
4321808,RS,Sul,51.2,1,0.9756372827988473
4320909,RS,Sul,46.2,1,0.97558798024671
4315701,RS,Sul,63.4,1,0.9755000559782289
4301008,RS,Sul,63.6,1,0.9751612419755659
4317400,RS,Sul,61.2,1,0.97514315028517
4317202,RS,Sul,58.8,1,0.9749297326498102
4320008,RS,Sul,48.0,1,0.9747908528217308
4321501,RS,Sul,44.0,1,0.9746791803402272
4322806,RS,Sul,57.0,1,0.9746447496156769
4321600,RS,Sul,36.7,1,0.9744788182025017
4318309,RS,Sul,35.6,1,0.9744281907243365
4303004,RS,Sul,40.2,1,0.9743268942224571
4304200,RS,Sul,53.2,1,0.9742555956951003
4305108,RS,Sul,43.2,1,0.9741327450999254
4313904,RS,Sul,51.2,1,0.9740884017378519
4313060,RS,Sul,45.3,1,0.9740583600441274
4319901,RS,Sul,41.1,1,0.9739824787162339
4317509,RS,Sul,41.5,1,0.9738988064392484
4306403,RS,Sul,56.9,1,0.9737160197938606
4315305,RS,Sul,36.3,1,0.9734233964507925
4313375,RS,Sul,64.9,0,0.9734013397098764
4311403,RS,Sul,47.5,1,0.9732878792271581
4310207,RS,Sul,61.9,1,0.9732874969705866
4307609,RS,Sul,44.4,1,0.9732727628457081
4322400,RS,Sul,47.3,1,0.9732023588787131
4303509,RS,Sul,56.4,1,0.9731074383354498
4312658,RS,Sul,58.2,1,0.9728275863005998
4314100,RS,Sul,38.5,1,0.9726077438139443
4303103,RS,Sul,40.6,1,0.9725007591887646
4310009,RS,Sul,55.7,1,0.9723607898287012
4301602,RS,Sul,46.6,1,0.9722650898203289
4309100,RS,Sul,55.3,1,0.9720939062113368
4319604,RS,Sul,49.7,1,0.9718802466059123
4309308,RS,Sul,31.5,1,0.9717943850389444
4316808,RS,Sul,43.8,1,0.9717597123000742
4306908,RS,Sul,39.4,1,0.971704151155701
4306809,RS,Sul,53.2,1,0.9717034330287332
4314050,RS,Sul,37.8,1,0.9716670820427946
4314605,RS,Sul,42.8,1,0.971651780077114
4317905,RS,Sul,60.5,1,0.9714936206926551
4318101,RS,Sul,45.6,1,0.9714908714205387
4306601,RS,Sul,43.7,1,0.9714762550746793
4317103,RS,Sul,44.5,1,0.9712557181375651
4307807,RS,Sul,49.4,1,0.9711876581795413
4300604,RS,Sul,37.0,1,0.9711116745222225
4313300,RS,Sul,61.1,1,0.9710382879383905
4319406,RS,Sul,61.6,1,0.9709874090591055
4318507,RS,Sul,38.2,1,0.9709236816122911
4318200,RS,Sul,37.7,1,0.9708689861806051
4318002,RS,Sul,46.4,1,0.970807364312149
4310801,RS,Sul,56.9,1,0.9706852581710756
4321402,RS,Sul,65.0,1,0.9704605963120486
4318705,RS,Sul,37.2,1,0.9704494891672255
4322004,RS,Sul,68.5,1,0.9703224760990895
4311304,RS,Sul,54.6,1,0.97015981959931
4321105,RS,Sul,59.3,1,0.9699375732141146
4303905,RS,Sul,45.4,1,0.969935750289793
4308904,RS,Sul,52.3,1,0.9698783664117709
4311809,RS,Sul,43.6,1,0.9698510250365512
4304804,RS,Sul,64.9,1,0.9697426186540253
4301636,RS,Sul,43.6,1,0.9696593459495608
4322707,RS,Sul,41.9,1,0.96964774626838
4317301,RS,Sul,45.4,1,0.9694618906678887
4304705,RS,Sul,42.0,1,0.9694237774199244
4312401,RS,Sul,39.8,1,0.9693129864300649
4308508,RS,Sul,53.8,1,0.969269298306995
4322202,RS,Sul,44.4,1,0.9692610427786005
4317806,RS,Sul,69.9,1,0.9692566032080754
4314803,RS,Sul,39.7,1,0.9692512381457203
4320701,RS,Sul,70.8,1,0.9691980510978117
4309605,RS,Sul,57.2,1,0.9691357711259216
4302808,RS,Sul,43.8,1,0.969074141967258
4308607,RS,Sul,54.4,1,0.9690282018646349
4318408,RS,Sul,71.9,1,0.9689516498114901
4323804,RS,Sul,37.9,1,0.9684917195516384
4320800,RS,Sul,61.9,1,0.9680859903045265
4305702,RS,Sul,58.0,1,0.967659921155987
4306106,RS,Sul,50.9,1,0.967560137007492
4321451,RS,Sul,62.9,1,0.9675517822018522
4315750,RS,Sul,42.1,1,0.9675057761143329
4307500,RS,Sul,39.1,1,0.9674539890138605
4316600,RS,Sul,43.2,1,0.9671878663136878
4321204,RS,Sul,44.6,1,0.9671354633914071
4313508,RS,Sul,44.5,1,0.9670171037655055
4316006,RS,Sul,66.6,1,0.9666685986570078
4300109,RS,Sul,56.9,1,0.9665613997227513
4319000,RS,Sul,38.3,1,0.9665200202261875
