,0
num__meta_uf_ano_corrente,0.5067507557742582
num__taxa_ano_anterior,0.4049871123409793
cat__sigla_uf_RS,0.39266438775842016
num__log_populacao,0.20020600452174264
cat__regiao_Sul,0.14867823179495646
num__idhm_e,0.10922227950946173
cat__sigla_uf_MG,0.09769916559925075
cat__sigla_uf_BA,0.09481479004585257
num__idhm_r,0.07175378430961589
num__prop_banda_larga,0.05348807126167288
num__escolas_por_mil,0.051568699222938316
num__prop_internet,0.04959181187187343
num__prop_agua_potavel,0.04586497948943313
num__prop_lab_informatica,0.03903736205936764
num__idhm_l,0.03890375821544276
num__pib_per_capita,0.035990696399254896
cat__sigla_uf_GO,0.026582536847782248
num__prop_biblioteca,0.022794469081103535
cat__regiao_Norte,0.02104892613937935
cat__regiao_Centro-Oeste,0.010119555170006973
cat__sigla_uf_RO,0.006262062014527951
cat__sigla_uf_SP,0.0025584608021559448
cat__regiao_Nordeste,0.002523176762953191
cat__sigla_uf_SC,0.001607010672978923
cat__sigla_uf_RN,0.001605242459765143
cat__sigla_uf_AM,0.0013492007193339423
cat__regiao_Sudeste,0.0013430908575308752
cat__sigla_uf_RJ,0.0011102431520337327
cat__sigla_uf_PE,0.000655266309351178
cat__sigla_uf_TO,0.0006012606552974277
cat__sigla_uf_MS,0.0005390340407868242
cat__sigla_uf_PR,0.00041028989378520594
cat__sigla_uf_PA,0.00037910295223622095
cat__sigla_uf_MA,0.00036196339222637657
cat__sigla_uf_PB,0.0
cat__sigla_uf_MT,0.0
cat__sigla_uf_ES,0.0
cat__sigla_uf_CE,0.0
cat__sigla_uf_AP,0.0
cat__sigla_uf_AL,0.0
cat__sigla_uf_PI,0.0
cat__sigla_uf_SE,0.0
